{
  "train_samples": 2159,
  "val_samples": 491,
  "test_samples": 514,
  "train_pct": 68.23640960809102,
  "val_pct": 15.518331226295828,
  "test_pct": 16.24525916561315
}