{
  "k_clusters": 2,
  "feature_count": 8,
  "normalization": "minmax_log_sparse",
  "outlier_percentile": 95,
  "metrics": {
    "silhouette_score": 0.4165521902034829,
    "davies_bouldin_index": 1.041148089931424,
    "calinski_harabasz_score": 2631.737271061082,
    "mean_entropy": 0.8735844526120453
  }
}