{
  "k_clusters": 3,
  "feature_count": 8,
  "normalization": "minmax_log_sparse",
  "outlier_percentile": 100,
  "metrics": {
    "silhouette_score": 0.37644672028785,
    "davies_bouldin_index": 0.9839593737324832,
    "calinski_harabasz_score": 2149.2867830435216,
    "mean_entropy": 1.4118834427159954
  }
}