{
  "experiment": "A_BASELINE",
  "preprocessing": "Uniform MinMaxScaler",
  "timestamp": "2026-01-27T13:22:45+05:30",
  "dataset_size": 3164,
  "features_used": [
    "enemiesHit",
    "damageDone",
    "timeInCombat",
    "kills",
    "itemsCollected",
    "pickupAttempts",
    "timeNearInteractables",
    "distanceTraveled",
    "timeSprinting",
    "timeOutOfCombat"
  ],
  "clustering_metrics": {
    "silhouette_score": 0.37516277208644755,
    "davies_bouldin_index": 0.9768038272619878,
    "calinski_harabasz_score": 2109.296791079782
  },
  "soft_membership": {
    "mean_cluster_0": 0.3879090773472112,
    "mean_cluster_1": 0.29486609850510165,
    "mean_cluster_2": 0.31722482414768827,
    "std_cluster_0": 0.1707021412292834,
    "std_cluster_1": 0.15608216921073284,
    "std_cluster_2": 0.17284549938926314,
    "high_confidence_windows_pct": 32.30088495575221
  },
  "target_stability": {
    "mean": 0.9887909077347211,
    "std": 0.017070214122928338,
    "min": 0.9570720137798443,
    "max": 1.0315434921337423,
    "range": 0.074471478353898
  },
  "behavioral_responsiveness": {
    "combat_burst_response": 0.22569554516284676
  }
}