{
  "0": {
    "archetype": "Combat",
    "centroid": {
      "pct_combat": 0.6584508458557516,
      "pct_collect": 0.04413931032430267,
      "pct_explore": 0.2974098438199457
    }
  },
  "1": {
    "archetype": "Exploration",
    "centroid": {
      "pct_combat": 0.009980181516020203,
      "pct_collect": 0.14233362069180278,
      "pct_explore": 0.8476861977921768
    }
  },
  "2": {
    "archetype": "Collection",
    "centroid": {
      "pct_combat": 0.3267296749125025,
      "pct_collect": 0.18185443733745807,
      "pct_explore": 0.4914158877500394
    }
  }
}