{
  "features": [
    "enemiesHit",
    "damageDone",
    "timeInCombat",
    "kills",
    "itemsCollected",
    "pickupAttempts",
    "timeNearInteractables",
    "distanceTraveled",
    "timeSprinting",
    "timeOutOfCombat",
    "damage_per_hit",
    "pickup_attempt_rate"
  ],
  "data_min": [
    0.0,
    0.0,
    0.0,
    0.0,
    0.0,
    0.0,
    0.0,
    0.0,
    0.0,
    0.0,
    0.0,
    0.0
  ],
  "data_max": [
    23.0,
    298.66666666666663,
    30.0,
    3.0,
    8.0,
    25.0,
    30.0,
    50000.0,
    30.0,
    30.0,
    18.666666666666664,
    25.0
  ],
  "data_range": [
    23.0,
    298.66666666666663,
    30.0,
    3.0,
    8.0,
    25.0,
    30.0,
    50000.0,
    30.0,
    30.0,
    18.666666666666664,
    25.0
  ],
  "min_value": 0.0,
  "max_value": 1.0
}