{
  "features": [
    "enemiesHit",
    "damageDone",
    "timeInCombat",
    "kills",
    "itemsCollected",
    "pickupAttempts",
    "timeNearInteractables",
    "distanceTraveled",
    "timeSprinting",
    "timeOutOfCombat",
    "damage_per_hit",
    "pickup_attempt_rate"
  ],
  "data_min": [
    0.0,
    0.0,
    0.0,
    0.0,
    0.0,
    0.0,
    0.0,
    0.0,
    0.0,
    0.0,
    0.0,
    0.0
  ],
  "data_max": [
    20.0,
    200.0,
    30.0,
    15.0,
    13.0,
    30.0,
    30.0,
    16785.265844003807,
    30.0,
    30.0,
    18.666666666666668,
    42.0
  ],
  "data_range": [
    20.0,
    200.0,
    30.0,
    15.0,
    13.0,
    30.0,
    30.0,
    16785.265844003807,
    30.0,
    30.0,
    18.666666666666668,
    42.0
  ],
  "min_value": 0.0,
  "max_value": 1.0
}
