{
  "num_samples": 3164,
  "target_multiplier": {
    "min": 1.0101950153086656,
    "max": 1.05,
    "mean": 1.0205801713276565,
    "std": 0.006023692096263826
  },
  "soft_membership_ranges": {
    "soft_combat": [
      0.0130676197051535,
      0.9505614404944444
    ],
    "soft_collect": [
      0.0317745736822668,
      0.9720615294396822
    ],
    "soft_explore": [
      0.0148708508551642,
      0.943050144925028
    ]
  }
}