{
  "num_samples": 3240,
  "target_multiplier": {
    "min": 0.6,
    "max": 1.106506050718201,
    "mean": 0.9018300060127991,
    "std": 0.0739603957491825
  },
  "soft_membership_ranges": {
    "soft_combat": [
      0.0083993403370178,
      0.9579982728443563
    ],
    "soft_collect": [
      0.0210333832645173,
      0.984540574811858
    ],
    "soft_explore": [
      0.0070600848511241,
      0.9672982552238818
    ]
  },
  "mlp_neutral": 0.932
}