{
  "0": {
    "archetype": "Collection",
    "centroid": {
      "pct_combat": 0.2168469378621355,
      "pct_collect": 0.4854092502249181,
      "pct_explore": 0.29774381191294647
    }
  },
  "1": {
    "archetype": "Exploration",
    "centroid": {
      "pct_combat": 0.007230672593310339,
      "pct_collect": 0.06346497116196423,
      "pct_explore": 0.9293043562447255
    }
  },
  "2": {
    "archetype": "Combat",
    "centroid": {
      "pct_combat": 0.7252720260429242,
      "pct_collect": 0.09634006886112138,
      "pct_explore": 0.17838790509595437
    }
  }
}