{
  "num_samples": 3240,
  "target_multiplier": {
    "min": 0.6,
    "max": 1.121253399197764,
    "mean": 0.9103254548844719,
    "std": 0.07604190835932166
  },
  "soft_membership_ranges": {
    "soft_combat": [
      0.00837438004158,
      0.9797160571189816
    ],
    "soft_collect": [
      0.0110955963612676,
      0.93495562995365
    ],
    "soft_explore": [
      0.0077708199751589,
      0.9805300235971524
    ]
  },
  "mlp_neutral": 0.931601
}