{
  "train": {
    "MAE": 0.01112290121639999,
    "RMSE": 0.014758612889040314,
    "R2": -5.394335119820403,
    "samples": 2159
  },
  "val": {
    "MAE": 0.011957718113079446,
    "RMSE": 0.015224051397420146,
    "R2": -4.59320931557694,
    "samples": 491
  },
  "test": {
    "MAE": 0.010691951201235143,
    "RMSE": 0.013706273264318159,
    "R2": -4.688209900959345,
    "samples": 514
  }
}