{
    "correlation_delta_combat_target": 0.9197904854254118,
    "correlation_delta_explore_target": -0.83366502585819,
    "static_residual_variance": 0.002566987697107904,
    "delta_residual_variance": 0.00045098255157484965,
    "variance_ratio": 0.17568551344556463
}