{
  "0": {
    "archetype": "Combat",
    "centroid": {
      "pct_combat": 0.6584508458557516,
      "pct_collect": 0.044139310324302586,
      "pct_explore": 0.29740984381994573
    }
  },
  "1": {
    "archetype": "Exploration",
    "centroid": {
      "pct_combat": 0.009980181516020759,
      "pct_collect": 0.14233362069180275,
      "pct_explore": 0.8476861977921765
    }
  },
  "2": {
    "archetype": "Collection",
    "centroid": {
      "pct_combat": 0.3267296749125025,
      "pct_collect": 0.1818544373374581,
      "pct_explore": 0.4914158877500393
    }
  }
}