architecture,n_params,test_mae,test_r2
4,33,0.061484,-0.1071
8,65,0.061162,-0.1096
16,129,0.02818,0.717
8-4,97,0.01641,0.882
16-8,257,0.012705,0.9264
8-2,77,0.021188,0.7599
4-4-2,61,0.060872,-0.1971
8-4-2,105,0.014648,0.8276
12-6-3,187,0.006667,0.9669
